model,partner_adaptivity,episodes,mean_cooperation_rate,mean_mean_payoff,mean_p_cc,mean_p_cd,mean_p_dc,mean_p_dd,mean_format_valid,mean_lock_time,mean_recovery_time,mean_post_switch_cooperation,mean_post_switch_payoff,mean_interleaved_separation,mean_niceness,mean_provokability_delta_p_c,mean_forgiveness_within_3,mean_retaliation_length,mean_value_defined_punishment,mean_cooperation_with_cooperators,mean_oracle_regret,mean_nonexploitability_vs_safe_defect,mean_coordination_success,mean_mismatch
A,mixed,3,0.6999999999999998,1.0666666666666667,0.39999999999999997,0.3,0.19999999999999998,0.10000000000000002,1.0,7.0,,0.75,1.5833333333333333,-0.02777777777777779,1.0,0.0,0.5,1.0,0.0,0.5833333333333334,0.5,0.25,0.5,0.5
B,mixed,3,0.9,0.8666666666666667,0.6,0.3,0.0,0.10000000000000002,1.0,5.0,3.5,1.0,1.3333333333333333,-0.055555555555555546,1.0,-0.125,1.0,0.0,1.0,0.888888888888889,0.5,0.25,0.7000000000000001,0.3
D,mixed,3,0.5,1.2666666666666666,0.26666666666666666,0.2333333333333333,0.3333333333333333,0.16666666666666666,1.0,6.0,,0.5,1.8333333333333333,0.0,1.0,0.0,0.5,1.0,1.0,0.38888888888888884,0.5,0.25,0.43333333333333335,0.5666666666666667
E,mixed,3,0.4000000000000001,1.3666666666666665,0.26666666666666666,0.13333333333333333,0.3333333333333333,0.26666666666666666,1.0,,,0.5,1.8333333333333333,-0.05555555555555556,0.0,-0.25,0.5,1.0,0.0,0.38888888888888884,0.5,0.25,0.5333333333333333,0.4666666666666666
