model,suite,brier_score,fraction_brier_score,ema_brier_score,brier_skill_score,reliability,resolution,uncertainty
A,hkb_lock,0.25,0.25,0.2448332294701777,-0.021103224186534097,0.0024999999999999988,0.0,0.24750000000000003
A,repeated_2x2,0.25,0.25,0.1538516262568656,-0.6249421997178517,0.16000000000000003,0.0,0.08999999999999998
B,hkb_lock,0.3700000000000001,0.3700000000000001,0.2448332294701777,-0.511232771796071,0.1225000000000001,0.0,0.24750000000000003
B,repeated_2x2,0.1,0.1,0.1538516262568656,0.3500231201128592,0.009999999999999995,0.0,0.08999999999999998
D,hkb_lock,0.25000000000000006,0.25000000000000006,0.2448332294701777,-0.02110322418653432,0.0024999999999999935,0.0,0.24750000000000003
D,repeated_2x2,0.33999999999999997,0.33999999999999997,0.1538516262568656,-1.209921391616278,0.25,0.0,0.08999999999999998
E,hkb_lock,0.31000000000000016,0.31000000000000016,0.2448332294701777,-0.266167997991303,0.062499999999999986,0.0,0.24750000000000003
E,repeated_2x2,0.5800000000000003,0.5800000000000003,0.1538516262568656,-2.7698659033454183,0.48999999999999994,0.0,0.08999999999999998
