model,brier_score,fraction_brier_score,ema_brier_score,brier_skill_score,reliability,resolution,uncertainty
A,0.25,0.25,0.21450602839907365,-0.16546841068211027,0.009999999999999995,0.0,0.24
B,0.27999999999999997,0.27999999999999997,0.21450602839907365,-0.30532461996396343,0.04000000000000012,0.0,0.24
D,0.28,0.28,0.21450602839907365,-0.30532461996396365,0.03999999999999994,0.0,0.24
E,0.40000000000000013,0.40000000000000013,0.21450602839907365,-0.8647494570913772,0.15999999999999992,0.0,0.24
